{
  "backend": "pytorch",
  "auc": 0.6989235526858177,
  "auc_fast": 0.7217396636092855,
  "auc_mid": 0.6961541233897145,
  "vol_mae": 0.0071012824836355,
  "vol_r2": -23.62770490849193,
  "seq_length": 48,
  "hidden_size": 256,
  "num_layers": 2,
  "dropout": 0.3,
  "device": "cuda",
  "epochs": 60,
  "model_version": 2,
  "task_heads": [
    "direction_1",
    "direction_3",
    "future_volatility"
  ],
  "direction_blend_weights": [
    0.35,
    0.65
  ],
  "norm_mean": [
    -1.563603655085899e-05,
    -4.71638013550546e-05,
    -9.499200677964836e-05,
    -0.00019040431652683765,
    -1.8648619516170584e-05,
    0.4994547367095947,
    0.09714187681674957,
    0.09905033558607101,
    -6.614930316573009e-05,
    -0.00018666395044419914,
    -0.0004563994880300015,
    -0.001831906964071095,
    -0.3143767714500427,
    -0.7049638032913208,
    -0.33934158086776733,
    -0.34006166458129883,
    0.0007201146217994392,
    24.947772979736328,
    34.76506805419922,
    35.84681701660156,
    -1.0817457437515259,
    49.52237319946289,
    49.66737747192383,
    50.354915618896484,
    50.35735321044922,
    -49.64781188964844,
    -2.4074385166168213,
    47.83451843261719,
    -0.0094992034137249,
    -0.019040431827306747,
    4.791256904602051,
    0.0021072574891149998,
    0.21072575449943542,
    0.01293246541172266,
    0.49082282185554504,
    0.0020393633749336004,
    0.002102327300235629,
    0.002186182653531432,
    0.9420560002326965,
    1.0542716979980469,
    0.00018815509974956512,
    0.49746018648147583,
    0.4974210560321808,
    0.6217406988143921,
    0.6217960119247437,
    0.6219231486320496,
    -0.00012713493197225034,
    -3.2155076041817665e-05,
    1.4829905921942554e-05,
    1.4822481716691982e-05,
    0.004920928739011288,
    -4.71638013550546e-05,
    -0.00019040431652683765,
    0.0098660783842206,
    -4.745660044136457e-05,
    -0.00014359371562022716,
    49.04179382324219,
    0.004409399349242449,
    -0.0005608589272014797,
    0.003497017314657569,
    1.0661753416061401,
    -0.00019553984748199582,
    -0.0005832136957906187,
    47.92856979370117,
    0.010044580325484276,
    -0.0022091905120760202,
    0.006609872914850712,
    1.0611103773117065,
    -0.006015411578118801,
    -0.020167218521237373,
    0.018785974010825157,
    0.2462988942861557,
    1.9366499185562134,
    -4.690360583481379e-05,
    -6.313679477898404e-05,
    0.9420560002326965,
    -0.0010794630507007241,
    -0.006235586479306221,
    0.05616200342774391,
    0.785625696182251,
    -1.1399888535379432e-05,
    -6.958944868529215e-05,
    0.6084948182106018,
    -1.1384989193174988e-05,
    -1.1362976692907978e-05,
    0.0006291118334047496,
    0.005722285248339176,
    -1.6040372429415584e-05,
    -1.6075529856607318e-05,
    -1.6021309420466423e-05,
    4.8492047426407225e-06,
    -1.863517718447838e-05,
    -0.00011318176257191226,
    0.5070450901985168,
    -1.8568747691460885e-05,
    -1.8449933122610673e-05,
    1.8189752154285088e-05,
    0.002551095560193062,
    -0.002605903660878539,
    0.27731192111968994,
    0.0,
    0.0,
    0.0,
    0.0,
    0.0,
    0.0,
    0.0,
    0.0,
    0.0,
    0.0,
    0.0,
    0.0,
    0.0,
    0.046129267662763596,
    -0.0007804568158462644,
    -0.000655316689517349,
    -0.0014451023889705539,
    -0.0005413962062448263,
    0.008074336685240269,
    -0.00014650836237706244,
    0.046178076416254044,
    0.016769280657172203,
    -0.0007889788248576224,
    -0.0006634630262851715,
    -0.0005375975742936134,
    0.008076236583292484,
    -0.00015170892584137619,
    0.046413686126470566,
    0.02066105231642723,
    -0.0007742872694507241,
    -0.000641315127722919,
    -0.0005220652092248201,
    0.008084002882242203,
    -0.0001863801444415003,
    0.016690069809556007,
    -0.00017605906759854406,
    -0.00015207030810415745,
    -0.00016855844296514988,
    -0.00015048962086439133,
    -0.00011247127986280248,
    -0.00015413149958476424,
    7.3500336839060765e-06,
    1.3083651065826416,
    0.6767397522926331,
    0.6113266944885254,
    1.3130992650985718,
    0.43769973516464233,
    -0.11462581902742386,
    0.29087260365486145,
    0.22054162621498108,
    0.4252758324146271,
    0.1794583797454834,
    0.17472417652606964
  ],